{"[Screen(x=-1680.0, y=0.0, size=(1680.0, 1050.0), mm=(330.7906927064408, 206.74418294152548)), Screen(x=0.0, y=0.0, size=(1920.0, 1080.0), mm=(594.7316983850991, 334.5365803416182))]": {"x": 1.0, "y": 1023.0}}